canonical_name,category,source_candidates,reason
.NET,.NET Platform,"Corrected from earlier possible_skill: '.NET' is a specific, well-known, recognizable Microsoft development platform/framework. Canonicalized as '.NET Framework' and kept distinct from '.NET Core', a separate named successor product, per the no-merge-distinct-technologies rule."
.NET Core,Framework,.NET Core,"Specific, identifiable platform, kept distinct from '.NET Framework'."
AWS,Cloud,Amazon Web Services (AWS),"Specific, well-known cloud platform."
Angular,Framework,Angular; Angular 8.x+,"Specific, identifiable front-end framework."
Ansible,DevOps,Ansible,"Specific, identifiable configuration-management tool."
Artificial Neural Networks (ANN),AI/ML,Artificial Neural Network (ANN),"Corrected from earlier possible_skill: a specific, well-recognized model family/technique, treated consistently with Machine Learning and Deep Learning."
Azure Functions,Cloud,Azure Functions,"Specific, identifiable Azure serverless-compute service."
Bash,Developer Tools,Bash,"Specific, identifiable shell/scripting language."
Big Data,Data Engineering,Big Data,"Corrected from earlier possible_skill: a broad but specific, universally recognized technology domain, treated consistently with Machine Learning/Cloud Computing."
Bootstrap,Web Technology,Bootstrap,"Specific, identifiable CSS/front-end framework."
C#,Programming Language,C#,"Specific, identifiable programming language."
C++,Programming Language,C++; C/C++,"Specific, identifiable programming language."
C,Programming Language,C/C++,Split component 1 of 2: 'C/C++' names two distinct languages; split rather than merged so each is a discrete ontology candidate.
CFEngine,DevOps,CFEngine,"Specific, identifiable configuration-management tool."
Pipeline as Code,DevOps,CI pipelines via code,"Corrected from earlier possible_skill: names a specific, recognizable DevOps practice (defining CI/CD pipelines as code, e.g. Jenkinsfile/YAML pipelines). Kept distinct from 'CI/CD' itself since it names a narrower, related-but-not-identical practice."
CSS,Web Technology,CSS; CSS3,"Specific, identifiable web styling language."
Chef,DevOps,Chef,"Specific, identifiable configuration-management tool."
CI/CD,DevOps,Ci/CD,"Corrected from earlier possible_skill: CI/CD is a broad but specific, universally recognized technical practice/technology area, comparable to already-confirmed broad concepts like Microservices."
Cloud Computing,Cloud,Cloud Computing,"Corrected from earlier possible_skill: a broad but specific, universally recognized technology domain, treated consistently with Machine Learning/Big Data."
Cloudify,Cloud,Cloudify,"Specific, identifiable cloud orchestration tool (TOSCA-based)."
Cobbler,DevOps,Cobbler,"Specific, identifiable Linux provisioning tool."
Cocoa Touch,Framework,Cocoa Touch,"Specific, identifiable Apple iOS UI framework."
Core Animation,Library,Core Animation,"Specific, identifiable Apple graphics/animation framework."
Core Data,Library,Core Data,"Specific, identifiable Apple persistence framework."
Core Graphics,Library,Core Graphics,"Specific, identifiable Apple 2D graphics framework."
Core Text,Library,Core Text,"Specific, identifiable Apple text-rendering framework."
DNS,Networking,DNS,"Specific, identifiable networking protocol/system."
Database Design,Database,Database Design Administration,"Split component 1 of 2: 'Database Design' is a specific, well-recognized database skill, distinct from administration."
Database Administration,Database,Database Design Administration,"Split component 2 of 2: 'Database Administration' is a specific, well-recognized database skill, distinct from design."
Deep Learning,AI/ML,Deep Learning,"Corrected from earlier possible_skill: a specific, well-recognized ML subfield/technique, routinely listed as a discrete skill."
Django,Framework,Django,"Specific, identifiable Python web framework."
Docker,DevOps,Docker,"Specific, identifiable containerization tool."
Elasticsearch,Database,Elasticsearch,"Specific, identifiable search/analytics engine."
Exploratory Testing,Testing,Exploratory testing,"Specific, well-recognized software testing technique."
Foreman,DevOps,Foreman,"Specific, identifiable provisioning/lifecycle-management tool."
Gerrit,Developer Tools,Gerrit,"Specific, identifiable code-review tool."
Git,Developer Tools,Git,"Specific, identifiable version control system."
GitLab CI,DevOps,GitLab CI,"Specific, identifiable CI/CD product within GitLab."
Go,Programming Language,Go,"Specific, identifiable programming language."
GraphQL,Web Technology,GraphQL,"Specific, identifiable API query technology."
HTML,Web Technology,HTML; HTML5,"Specific, identifiable markup language."
HTTP,Networking,HTTP,"Specific, identifiable networking protocol."
IBM Rational ClearCase,Developer Tools,IBM Rational Clearcase,"Specific, identifiable software configuration management tool."
Image Processing,AI/ML,Image Processing,"Corrected from earlier possible_skill: a specific, well-recognized technical domain/technique, treated consistently with Computer Vision."
Ionic,Framework,Ionic,"Specific, identifiable hybrid mobile app framework."
jQuery,Library,JQuery,"Specific, identifiable JavaScript library."
JavaScript,Programming Language,JS; JavaScript; Javascript,"Specific, identifiable programming language."
Jasmine,Testing,Jasmine; Unit testing with Jasmine or protractor,"Specific, identifiable JavaScript testing framework."
Java,Programming Language,Java; Java 8+,"Specific, identifiable programming language."
Jenkins,DevOps,Jenkins,"Specific, identifiable CI/CD automation server."
Karma,Testing,Karma,"Specific, identifiable JavaScript test runner."
Keras,AI/ML,Keras,"Specific, identifiable deep-learning library."
Kubernetes,DevOps,Kubernetes,"Specific, identifiable container-orchestration platform."
Linux,Operating System,Linux,"Specific, identifiable operating system family."
Machine Learning,AI/ML,Machine Learning,"Corrected from earlier possible_skill: a broad but specific, universally recognized technical field/skill area, routinely listed as a discrete skill; should not be left uncertain without a concrete reason."
Microservices,Software Engineering,Micro-services pattern,"Specific, well-recognized architectural pattern."
Microsoft IIS,Web Technology,Microsoft IIS,"Specific, identifiable web server product."
MongoDB,Database,MongoDB,"Specific, identifiable NoSQL database."
Microsoft SQL Server,Database,MsSQL,Common abbreviation for Microsoft SQL Server.
Mule (MuleSoft),Other,Mule,"Specific, identifiable integration/ESB platform (MuleSoft)."
MySQL,Database,MySQL,"Specific, identifiable relational database."
NTP,Networking,NTP,"Specific, identifiable networking protocol (Network Time Protocol)."
Node.js,Web Technology,Node; Node.js; NodeJS,"Specific, identifiable JavaScript runtime."
Object-Oriented Design,Software Engineering,Object-oriented design,"Corrected from earlier possible_skill: a specific, well-established software design methodology/concept, treated consistently with Microservices."
Objective-C,Programming Language,Objective-C,"Specific, identifiable programming language."
OpenAM,Cybersecurity,OpenAM,"Specific, identifiable identity/access management tool."
OpenCV,AI/ML,OpenCV,"Specific, identifiable computer-vision library."
Oracle Database,Database,Oracle,"Corrected from earlier possible_skill: in technical skill listings, a bare 'Oracle' overwhelmingly conventionally denotes Oracle Database (as with the already-confirmed MySQL/PostgreSQL/MongoDB entries), so it is treated consistently as a specific, identifiable database rather than left uncertain."
PHP,Programming Language,PHP,"Specific, identifiable programming language."
Perl,Programming Language,Perl,"Specific, identifiable programming language."
PhoneGap,Framework,PhoneGap,"Specific, identifiable hybrid mobile app framework (predecessor to Apache Cordova)."
PostgreSQL,Database,PostgreSQL,"Specific, identifiable relational database."
Puppet,DevOps,Puppet,"Specific, identifiable configuration-management tool."
PyTorch,AI/ML,PyTorch,"Specific, identifiable deep-learning library."
PyUnit,Testing,PyUnit,"Specific, identifiable Python unit-testing framework."
Python,Programming Language,Python,"Specific, identifiable programming language."
REST API,Web Technology,REST; Restful services,"Specific, identifiable architectural style/technology for APIs."
React,Framework,React; ReactJS,"Specific, identifiable front-end library/framework."
Redis,Database,Redis,"Specific, identifiable in-memory data store."
Regression Testing,Testing,Regression testing,"Specific, well-recognized software testing technique."
Relational Database Design,Database,Relational database design,"Specific, well-recognized database skill area."
Ruby,Programming Language,Ruby,"Specific, identifiable programming language."
SQL,Programming Language,SQL,"Specific, identifiable query language."
SYSPRO ERP,Other,SYSPRO’s ERP package,"Specific, identifiable named ERP software product."
Scala,Programming Language,Scala,"Specific, identifiable programming language."
Selenium,Testing,Selenium,"Specific, identifiable browser test-automation tool."
Apache Spark,Data Engineering,Spark,"Specific, identifiable big-data processing framework."
TCP/IP,Networking,TCP/IP,"Specific, identifiable networking protocol suite."
TensorFlow,AI/ML,TensorFlow,"Specific, identifiable deep-learning library."
Terraform,DevOps,Terraform,"Specific, identifiable infrastructure-as-code tool."
Protractor,Testing,Unit testing with Jasmine or protractor,"Split component 2 of 3: Protractor is a specific, identifiable end-to-end test framework for Angular apps, distinct from Jasmine (which it is often paired with, but not the same tool)."
Version Control,Developer Tools,Version Control,"Corrected from earlier possible_skill: a broad but specific, universally recognized technical concept/practice; kept distinct from the specific tool 'Git', which is already confirmed separately."
Vue.js,Framework,Vue,"Specific, identifiable front-end framework."
Windows,Operating System,Windows,"Specific, identifiable operating system family."
WordPress,Other,WordPress,"Specific, identifiable CMS platform."
Computer Vision,AI/ML,computer vision,"Corrected from earlier possible_skill: a specific, well-recognized CS/AI subfield, routinely listed as a discrete skill."
